id,fullname,email,gender,password
1,Sibby Cartin,scartin0@google.cn,Female,passA1bC2dE3
2,Meredith Aven,maven1@marketwatch.com,Male,passF4gH5iJ6
3,Udell Incogna,uincogna2@squarespace.com,Polygender,passK7lM8nO9
4,Rik Elan,relan3@opera.com,Male,passP0qR1sT2
5,Sara Ludlam,sludlam4@dell.com,Female,passU3vW4xY5
6,Nellie Lydiatt,nlydiatt5@tmall.com,Female,passZ6aB7cD8
7,Baldwin Di Baudi,bdibaudi6@who.int,Male,passE9fG0hI1
8,Malanie Baughan,mbaughan7@infoseek.co.jp,Female,passJ2kL3mN4
9,Adelaide Spiers,aspiers8@tiny.cc,Female,passO5pQ6rS7
10,Tamma MacSorley,tmacsorley9@goodreads.com,Female,passT8uV9wX0
11,Noelyn Leggate,nleggatea@naver.com,Female,passY1zA2bC3
12,Alissa Boost,aboostb@i2i.jp,Female,passD4eF5gH6
13,Marylinda Witton,mwittonc@angelfire.com,Female,passI7jK8lM9
14,Korry Rothon,krothond@cisco.com,Female,passN0oP1qR2
15,Bryce Deniscke,bdenisckee@adobe.com,Male,passS3tU4vW5
16,Wade Vertey,wverteyf@amazon.co.jp,Male,passX6yZ7aB8
17,Gayler Streader,gstreaderg@pagesperso-orange.fr,Male,passC9dE0fG1
18,Stacy Berge,sbergeh@csmonitor.com,Polygender,passH2iJ3kL4
19,Alene Perrins,aperrinsi@google.it,Polygender,passM5nO6pQ7
20,Nanni Frossell,nfrossellj@chicagotribune.com,Female,passR8sT9uV0
21,Cahra Van Castele,cvancastelek@slashdot.org,Female,passW1xY2zZ3
22,Creighton Guillard,cguillardl@reuters.com,Male,passA4bC5dE6
23,Minni Gelletly,mgelletlym@blogger.com,Female,passF7gH8iJ9
24,Elisabeth Seary,esearyn@washingtonpost.com,Female,passK0lM1nO2
25,Erna Hofer,ehofero@nbcnews.com,Female,passP3qR4sT5
26,Yurik Ledwich,yledwichp@xinhuanet.com,Male,passU6vW7xY8
27,Lauretta Roelofs,lroelofsq@un.org,Female,passZ9aB0cD1
28,Clint Wragg,cwraggr@webs.com,Male,passE2fG3hI4
29,Henrie Inworth,hinworths@shop-pro.jp,Genderfluid,passJ5kL6mN7
30,Grete Beverage,gbeveraget@google.ca,Female,passO8pQ9rS0
31,Dulce Filippello,dfilippellou@opera.com,Female,passT1uV2wX3
32,Alfi Feldstern,afeldsternv@blinklist.com,Female,passY4zA5bC6
33,Cherrita Edelheid,cedelheidw@soundcloud.com,Female,passD7eF8gH9
34,Balduin Bailie,bbailiex@washington.edu,Male,passI0jK1lM2
35,Garik Ezzell,gezzelly@google.com.au,Male,passN3oP4qR5
36,Leila Hainey`,lhaineyz@hhs.gov,Female,passS6tU7vW8
37,Elayne Von Salzberg,evonsalzberg10@cbc.ca,Female,passX9yZ0aB1
38,Gloriana Westmarland,gwestmarland11@thetimes.co.uk,Female,passC2dE3fG4
39,Randene Feaster,rfeaster12@google.ru,Female,passH5iJ6kL7
40,Roseann Barbera,rbarbera13@un.org,Female,passM8nO9pQ0
41,Lonnard Ledley,lledley14@youtube.com,Male,passR1sT2uV3
42,Bryant Antley,bantley15@bbb.org,Male,passW4xY5zZ6
43,Augie People,apeople16@princeton.edu,Male,passA7bC8dE9
44,Charlean Redington,credington17@usnews.com,Female,passF0gH1iJ2
45,Heall Smaleman,hsmaleman18@hibu.com,Male,passK3lM4nO5
46,Ralf Isacke,risacke19@symantec.com,Male,passP6qR7sT8
47,Barrett Godbolt,bgodbolt1a@gravatar.com,Genderqueer,passU9vW0xY1
48,Ferguson Cicccitti,fcicccitti1b@google.com,Genderqueer,passZ2aB3cD4
49,Derward Rubinowicz,drubinowicz1c@mapy.cz,Male,passE5fG6hI7
50,Tannie Rydzynski,trydzynski1d@ftc.gov,Male,passJ8kL9mN0
51,Karlyn Maddaford,kmaddaford1e@facebook.com,Female,passO1pQ2rS3
52,Giffer Jearum,gjearum1f@aol.com,Male,passT4uV5wX6
53,Sigfrid Ronaghan,sronaghan1g@vinaora.com,Male,passY7zA8bC9
54,Olympie Fayerbrother,ofayerbrother1h@goo.gl,Genderqueer,passD0eF1gH2
55,Dorene Kellet,dkellet1i@cornell.edu,Female,passI3jK4lM5
56,Yank Petken,ypetken1j@networksolutions.com,Male,passN6oP7qR8
57,Ivar MacAulay,imacaulay1k@census.gov,Male,passS9tU0vW1
58,Briano Rimell,brimell1l@etsy.com,Male,passX2yZ3aB4
59,Chrotoem Willshire,cwillshire1m@deliciousdays.com,Male,passC5dE6fG7
60,Harwell Cookes,hcookes1n@mit.edu,Male,passH8iJ9kL0