id,user_id,created_at
1,1,2025-01-01 01:00:00
2,2,2025-01-01 02:00:00
3,3,2025-01-01 03:00:00
4,4,2025-01-01 04:00:00
5,5,2025-01-01 05:00:00
6,6,2025-01-01 06:00:00
7,7,2025-01-01 07:00:00
8,8,2025-01-01 08:00:00
9,9,2025-01-01 09:00:00
10,10,2025-01-01 10:00:00
11,11,2025-01-01 11:00:00
12,12,2025-01-01 12:00:00
13,13,2025-01-01 13:00:00
14,14,2025-01-01 14:00:00
15,15,2025-01-01 15:00:00
16,16,2025-01-01 16:00:00
17,17,2025-01-01 17:00:00
18,18,2025-01-01 18:00:00
19,19,2025-01-01 19:00:00
20,20,2025-01-01 20:00:00
21,21,2025-01-01 21:00:00
22,22,2025-01-01 22:00:00
23,23,2025-01-01 23:00:00
24,24,2025-01-02 00:00:00
25,25,2025-01-02 01:00:00
26,26,2025-01-02 02:00:00
27,27,2025-01-02 03:00:00
28,28,2025-01-02 04:00:00
29,29,2025-01-02 05:00:00
30,30,2025-01-02 06:00:00
31,31,2025-01-02 07:00:00
32,32,2025-01-02 08:00:00
33,33,2025-01-02 09:00:00
34,34,2025-01-02 10:00:00
35,35,2025-01-02 11:00:00
36,36,2025-01-02 12:00:00
37,37,2025-01-02 13:00:00
38,38,2025-01-02 14:00:00
39,39,2025-01-02 15:00:00
40,40,2025-01-02 16:00:00
41,41,2025-01-02 17:00:00
42,42,2025-01-02 18:00:00
43,43,2025-01-02 19:00:00
44,44,2025-01-02 20:00:00
45,45,2025-01-02 21:00:00
46,46,2025-01-02 22:00:00
47,47,2025-01-02 23:00:00
48,48,2025-01-03 00:00:00
49,49,2025-01-03 01:00:00
50,50,2025-01-03 02:00:00
51,51,2025-01-03 03:00:00
52,52,2025-01-03 04:00:00
53,53,2025-01-03 05:00:00
54,54,2025-01-03 06:00:00
55,55,2025-01-03 07:00:00
56,56,2025-01-03 08:00:00
57,57,2025-01-03 09:00:00
58,58,2025-01-03 10:00:00
59,59,2025-01-03 11:00:00
60,60,2025-01-03 12:00:00
61,1,2025-01-03 13:00:00
62,2,2025-01-03 14:00:00
63,3,2025-01-03 15:00:00
64,4,2025-01-03 16:00:00
65,5,2025-01-03 17:00:00
66,6,2025-01-03 18:00:00
67,7,2025-01-03 19:00:00
68,8,2025-01-03 20:00:00
69,9,2025-01-03 21:00:00
70,10,2025-01-03 22:00:00
71,11,2025-01-03 23:00:00
72,12,2025-01-04 00:00:00
73,13,2025-01-04 01:00:00
74,14,2025-01-04 02:00:00
75,15,2025-01-04 03:00:00
76,16,2025-01-04 04:00:00
77,17,2025-01-04 05:00:00
78,18,2025-01-04 06:00:00
79,19,2025-01-04 07:00:00
80,20,2025-01-04 08:00:00
81,21,2025-01-04 09:00:00
82,22,2025-01-04 10:00:00
83,23,2025-01-04 11:00:00
84,24,2025-01-04 12:00:00
85,25,2025-01-04 13:00:00
86,26,2025-01-04 14:00:00
87,27,2025-01-04 15:00:00
88,28,2025-01-04 16:00:00
89,29,2025-01-04 17:00:00
90,30,2025-01-04 18:00:00
91,31,2025-01-04 19:00:00
92,32,2025-01-04 20:00:00
93,33,2025-01-04 21:00:00
94,34,2025-01-04 22:00:00
95,35,2025-01-04 23:00:00
96,36,2025-01-05 00:00:00
97,37,2025-01-05 01:00:00
98,38,2025-01-05 02:00:00
99,39,2025-01-05 03:00:00
100,40,2025-01-05 04:00:00
101,41,2025-01-05 05:00:00
102,42,2025-01-05 06:00:00
103,43,2025-01-05 07:00:00
104,44,2025-01-05 08:00:00
105,45,2025-01-05 09:00:00
106,46,2025-01-05 10:00:00
107,47,2025-01-05 11:00:00
108,48,2025-01-05 12:00:00
109,49,2025-01-05 13:00:00
110,50,2025-01-05 14:00:00
111,51,2025-01-05 15:00:00
112,52,2025-01-05 16:00:00
113,53,2025-01-05 17:00:00
114,54,2025-01-05 18:00:00
115,55,2025-01-05 19:00:00
116,56,2025-01-05 20:00:00
117,57,2025-01-05 21:00:00
118,58,2025-01-05 22:00:00
119,59,2025-01-05 23:00:00
120,60,2025-01-06 00:00:00
121,1,2025-01-06 01:00:00
122,2,2025-01-06 02:00:00
123,3,2025-01-06 03:00:00
124,4,2025-01-06 04:00:00
125,5,2025-01-06 05:00:00
126,6,2025-01-06 06:00:00
127,7,2025-01-06 07:00:00
128,8,2025-01-06 08:00:00
129,9,2025-01-06 09:00:00
130,10,2025-01-06 10:00:00
131,11,2025-01-06 11:00:00
132,12,2025-01-06 12:00:00
133,13,2025-01-06 13:00:00
134,14,2025-01-06 14:00:00
135,15,2025-01-06 15:00:00
136,16,2025-01-06 16:00:00
137,17,2025-01-06 17:00:00
138,18,2025-01-06 18:00:00
139,19,2025-01-06 19:00:00
140,20,2025-01-06 20:00:00
141,21,2025-01-06 21:00:00
142,22,2025-01-06 22:00:00
143,23,2025-01-06 23:00:00
144,24,2025-01-07 00:00:00
145,25,2025-01-07 01:00:00
146,26,2025-01-07 02:00:00
147,27,2025-01-07 03:00:00
148,28,2025-01-07 04:00:00
149,29,2025-01-07 05:00:00
150,30,2025-01-07 06:00:00
151,31,2025-01-07 07:00:00
152,32,2025-01-07 08:00:00
153,33,2025-01-07 09:00:00
154,34,2025-01-07 10:00:00
155,35,2025-01-07 11:00:00
156,36,2025-01-07 12:00:00
157,37,2025-01-07 13:00:00
158,38,2025-01-07 14:00:00
159,39,2025-01-07 15:00:00
160,40,2025-01-07 16:00:00
161,41,2025-01-07 17:00:00
162,42,2025-01-07 18:00:00
163,43,2025-01-07 19:00:00
164,44,2025-01-07 20:00:00
165,45,2025-01-07 21:00:00
166,46,2025-01-07 22:00:00
167,47,2025-01-07 23:00:00
168,48,2025-01-08 00:00:00
169,49,2025-01-08 01:00:00
170,50,2025-01-08 02:00:00
171,51,2025-01-08 03:00:00
172,52,2025-01-08 04:00:00
173,53,2025-01-08 05:00:00
174,54,2025-01-08 06:00:00
175,55,2025-01-08 07:00:00
176,56,2025-01-08 08:00:00
177,57,2025-01-08 09:00:00
178,58,2025-01-08 10:00:00
179,59,2025-01-08 11:00:00
180,60,2025-01-08 12:00:00
181,1,2025-01-08 13:00:00
182,2,2025-01-08 14:00:00
183,3,2025-01-08 15:00:00
184,4,2025-01-08 16:00:00
185,5,2025-01-08 17:00:00
186,6,2025-01-08 18:00:00
187,7,2025-01-08 19:00:00
188,8,2025-01-08 20:00:00
189,9,2025-01-08 21:00:00
190,10,2025-01-08 22:00:00
191,11,2025-01-08 23:00:00
192,12,2025-01-09 00:00:00
193,13,2025-01-09 01:00:00
194,14,2025-01-09 02:00:00
195,15,2025-01-09 03:00:00
196,16,2025-01-09 04:00:00
197,17,2025-01-09 05:00:00
198,18,2025-01-09 06:00:00
199,19,2025-01-09 07:00:00
200,20,2025-01-09 08:00:00
201,21,2025-01-09 09:00:00
202,22,2025-01-09 10:00:00
203,23,2025-01-09 11:00:00
204,24,2025-01-09 12:00:00
205,25,2025-01-09 13:00:00
206,26,2025-01-09 14:00:00
207,27,2025-01-09 15:00:00
208,28,2025-01-09 16:00:00
209,29,2025-01-09 17:00:00
210,30,2025-01-09 18:00:00
211,31,2025-01-09 19:00:00
212,32,2025-01-09 20:00:00
213,33,2025-01-09 21:00:00
214,34,2025-01-09 22:00:00
215,35,2025-01-09 23:00:00
216,36,2025-01-10 00:00:00
217,37,2025-01-10 01:00:00
218,38,2025-01-10 02:00:00
219,39,2025-01-10 03:00:00
220,40,2025-01-10 04:00:00
221,41,2025-01-10 05:00:00
222,42,2025-01-10 06:00:00
223,43,2025-01-10 07:00:00
224,44,2025-01-10 08:00:00
225,45,2025-01-10 09:00:00
226,46,2025-01-10 10:00:00
227,47,2025-01-10 11:00:00
228,48,2025-01-10 12:00:00
229,49,2025-01-10 13:00:00
230,50,2025-01-10 14:00:00
231,51,2025-01-10 15:00:00
232,52,2025-01-10 16:00:00
233,53,2025-01-10 17:00:00
234,54,2025-01-10 18:00:00
235,55,2025-01-10 19:00:00
236,56,2025-01-10 20:00:00
237,57,2025-01-10 21:00:00
238,58,2025-01-10 22:00:00
239,59,2025-01-10 23:00:00
240,60,2025-01-11 00:00:00
241,1,2025-01-11 01:00:00
242,2,2025-01-11 02:00:00
243,3,2025-01-11 03:00:00
244,4,2025-01-11 04:00:00
245,5,2025-01-11 05:00:00
246,6,2025-01-11 06:00:00
247,7,2025-01-11 07:00:00
248,8,2025-01-11 08:00:00
249,9,2025-01-11 09:00:00
250,10,2025-01-11 10:00:00
